[
  {
    "id" : "hl7.fhir.no.hackathon.2025",
    "type" : "ImplementationGuide",
    "url" : "http://hl7.no/fhir/ig/hackathon/2025/ImplementationGuide/hl7.fhir.no.hackathon.2025",
    "version" : "1.0.0",
    "name" : "FHIRHackathon2025"
  },
  {
    "id" : "mal-observation-blodprove",
    "type" : "StructureDefinition",
    "url" : "http://hl7.no/fhir/ig/hackathon/2025/StructureDefinition/mal-observation-blodprove",
    "version" : "1.0.0",
    "name" : "MalObservationBlood"
  },
  {
    "id" : "mal-patient",
    "type" : "StructureDefinition",
    "url" : "http://hl7.no/fhir/ig/hackathon/2025/StructureDefinition/mal-patient",
    "version" : "1.0.0",
    "name" : "MalPatient"
  }
]
