"Id","Path","Slice Name","Alias(s)","Label","Min","Max","Must Support?","Is Modifier?","Is Summary?","Type(s)","Short","Definition","Comments","Requirements","Default Value","Meaning When Missing","Fixed Value","Pattern","Example","Minimum Value","Maximum Value","Maximum Length","Binding Strength","Binding Description","Binding Value Set","Code","Slicing Discriminator","Slicing Description","Slicing Ordered","Slicing Rules","Base Path","Base Min","Base Max","Condition(s)","Constraint(s)","Mapping: RIM Mapping","Mapping: CDA (R2)","Mapping: FiveWs Pattern Mapping","Mapping: HL7 v2 Mapping","Mapping: LOINC code for the element"
"Patient","Patient","","SubjectOfCare Client Resident
Pasient","",0,*,"","","","null {[]} {[]}
","Information about an individual or animal receiving health care services","Demographics and other administrative information about an individual or animal receiving care or other health-related services.","","","","","","","","","",,,,,"",,,,"Patient",0,*,"","dom-2:If the resource is contained in another resource, it SHALL NOT contain nested Resources {contained.contained.empty()}
dom-3:If the resource is contained in another resource, it SHALL be referred to from elsewhere in the resource or SHALL refer to the containing resource {contained.where((('#'+id in (%resource.descendants().reference | %resource.descendants().as(canonical) | %resource.descendants().as(uri) | %resource.descendants().as(url))) or descendants().where(reference = '#').exists() or descendants().where(as(canonical) = '#').exists() or descendants().where(as(canonical) = '#').exists()).not()).trace('unmatched', id).empty()}dom-4:If a resource is contained in another resource, it SHALL NOT have a meta.versionId or a meta.lastUpdated {contained.meta.versionId.empty() and contained.meta.lastUpdated.empty()}dom-5:If a resource is contained in another resource, it SHALL NOT have a security label {contained.meta.security.empty()}dom-6:A resource should have narrative for robust management {text.`div`.exists()}","Entity. Role, or Act","Patient[classCode=PAT]","ClinicalDocument.recordTarget.patientRole"
"Patient.id","Patient.id","","","",0,1,"","","Y","id {[]} {[]}
","Logical id of this artifact","The logical id of the resource, as used in the URL for the resource. Once assigned, this value never changes.","The only time that a resource does not have an id is when it is being submitted to the server using a create operation.","","","","","","","","",,,,,"",,,,"Resource.id",0,1,"",""
"Patient.meta","Patient.meta","","","",0,1,"","","Y","Meta {[]} {[]}
","Metadata about the resource","The metadata about the resource. This is content that is maintained by the infrastructure. Changes to the content might not always be associated with version changes to the resource.","","","","","","","","","",,,,,"",,,,"Resource.meta",0,1,"","ele-1:All FHIR elements must have a @value or children {hasValue() or (children().count() > id.count())}
"
"Patient.implicitRules","Patient.implicitRules","","","",0,1,"","Y","Y","uri {[]} {[]}
","A set of rules under which this content was created","A reference to a set of rules that were followed when the resource was constructed, and which must be understood when processing the content. Often, this is a reference to an implementation guide that defines the special rules along with other profiles etc.","Asserting this rule set restricts the content to be only understood by a limited set of trading partners. This inherently limits the usefulness of the data in the long term. However, the existing health eco-system is highly fractured, and not yet ready to define, collect, and exchange data in a generally computable sense. Wherever possible, implementers and/or specification writers should avoid using this element. Often, when used, the URL is a reference to an implementation guide that defines these special rules as part of it's narrative along with other profiles, value sets, etc.","","","","","","","","",,,,,"",,,,"Resource.implicitRules",0,1,"","ele-1:All FHIR elements must have a @value or children {hasValue() or (children().count() > id.count())}
"
"Patient.language","Patient.language","","","",0,1,"","","","code {[]} {[]}
","Language of the resource content","The base language in which the resource is written.","Language is provided to support indexing and accessibility (typically, services such as text to speech use the language tag). The html language tag in the narrative applies  to the narrative. The language tag on the resource may be used to specify the language of other presentations generated from the data in the resource. Not all the content has to be in the base language. The Resource.language should not be assumed to apply to the narrative automatically. If a language is specified, it should it also be specified on the div element in the html (see rules in HTML5 for information about the relationship between xml:lang and the html lang attribute).","","","","","","","","",,"preferred","A human language.","http://hl7.org/fhir/ValueSet/languages","",,,,"Resource.language",0,1,"","ele-1:All FHIR elements must have a @value or children {hasValue() or (children().count() > id.count())}
"
"Patient.text","Patient.text","","narrative
htmlxhtmldisplay","",0,1,"","","","Narrative {[]} {[]}
","Text summary of the resource, for human interpretation","A human-readable narrative that contains a summary of the resource and can be used to represent the content of the resource to a human. The narrative need not encode all the structured data, but is required to contain sufficient detail to make it ""clinically safe"" for a human to just read the narrative. Resource definitions may define what content should be represented in the narrative to ensure clinical safety.","Contained resources do not have narrative. Resources that are not contained SHOULD have a narrative. In some cases, a resource may only have text with little or no additional discrete data (as long as all minOccurs=1 elements are satisfied).  This may be necessary for data from legacy systems where information is captured as a ""text blob"" or where text is additionally entered raw or narrated and encoded information is added later.","","","","","","","","",,,,,"",,,,"DomainResource.text",0,1,"","ele-1:All FHIR elements must have a @value or children {hasValue() or (children().count() > id.count())}
","Act.text?"
"Patient.contained","Patient.contained","","inline resources
anonymous resourcescontained resources","",0,*,"","","","Resource {[]} {[]}
","Contained, inline Resources","These resources do not have an independent existence apart from the resource that contains them - they cannot be identified independently, and nor can they have their own independent transaction scope.","This should never be done when the content can be identified properly, as once identification is lost, it is extremely difficult (and context dependent) to restore it again. Contained resources may have profiles and tags In their meta elements, but SHALL NOT have security labels.","","","","","","","","",,,,,"",,,,"DomainResource.contained",0,*,"","","N/A"
"Patient.extension","Patient.extension","","","",0,*,"","","","Extension {[]} {[]}
","Extension","An Extension","","","","","","","","","",,,,,"","value:url}
","",,"open","DomainResource.extension",0,*,"","ele-1:All FHIR elements must have a @value or children {hasValue() or (children().count() > id.count())}
ext-1:Must have either extensions or value[x], not both {extension.exists() != value.exists()}"
"Patient.extension:citizenship","Patient.extension","citizenship","statsborgerskap
","",0,*,"","","","Extension {[CanonicalType[http://hl7.org/fhir/StructureDefinition/patient-citizenship]]} {[]}
","The citizenship of the patient","The citizenship of the patient. should be a country code from ISO 3166 code system","","","","","","","","","",,,,,"",,,,"DomainResource.extension",0,*,"","ele-1:All FHIR elements must have a @value or children {hasValue() or (children().count() > id.count())}
ext-1:Must have either extensions or value[x], not both {extension.exists() != value.exists()}"
"Patient.extension:citizenship.id","Patient.extension.id","","","",0,1,"","","","string {[]} {[]}
","Unique id for inter-element referencing","Unique id for the element within a resource (for internal references). This may be any string value that does not contain spaces.","","","","","","","","","",,,,,"",,,,"Element.id",0,1,"","","n/a"
"Patient.extension:citizenship.extension","Patient.extension.extension","","","",0,*,"","","","Extension {[]} {[]}
","Extension","An Extension","","","","","","","","","",,,,,"","value:url}
","Extensions are always sliced by (at least) url",,"open","Element.extension",0,*,"","ele-1:All FHIR elements must have a @value or children {hasValue() or (children().count() > id.count())}
ext-1:Must have either extensions or value[x], not both {extension.exists() != value.exists()}"
"Patient.extension:citizenship.extension:code","Patient.extension.extension","code","","",0,1,"","","","Extension {[]} {[]}
","Extension","no-basis-Patient introduces iso 3166 codes

Nation code representing the citizenship of patient.","","","","","","","","","",,,,,"",,,,"Element.extension",0,*,"","ele-1:All FHIR elements must have a @value or children {hasValue() or (children().count() > id.count())}
ext-1:Must have either extensions or value[x], not both {extension.exists() != value.exists()}"
"Patient.extension:citizenship.extension:code.id","Patient.extension.extension.id","","","",0,1,"","","","string {[]} {[]}
","Unique id for inter-element referencing","Unique id for the element within a resource (for internal references). This may be any string value that does not contain spaces.","","","","","","","","","",,,,,"",,,,"Element.id",0,1,"","","n/a"
"Patient.extension:citizenship.extension:code.extension","Patient.extension.extension.extension","","","",0,0,"","","","Extension {[]} {[]}
","Extension","An Extension","","","","","","","","","",,,,,"","value:url}
","Extensions are always sliced by (at least) url",,"open","Element.extension",0,*,"","ele-1:All FHIR elements must have a @value or children {hasValue() or (children().count() > id.count())}
ext-1:Must have either extensions or value[x], not both {extension.exists() != value.exists()}"
"Patient.extension:citizenship.extension:code.url","Patient.extension.extension.url","","","",1,1,"","","","uri {[]} {[]}
","identifies the meaning of the extension","Source of the definition for the extension code - a logical name or a URL.","The definition may point directly to a computable or human-readable definition of the extensibility codes, or it may be a logical URI as declared in some other specification. The definition SHALL be a URI for the Structure Definition defining the extension.","","","","<valueUri xmlns=""http://hl7.org/fhir"" value=""code""/>","","","","",,,,,"",,,,"Extension.url",1,1,"","","N/A"
"Patient.extension:citizenship.extension:code.value[x]","Patient.extension.extension.value[x]","","","",1,1,"","","","CodeableConcept {[]} {[]}
","Value of extension","Value of extension - must be one of a constrained set of the data types (see [Extensibility](http://hl7.org/fhir/extensibility.html) for a list).","","","","","","","","","",,,,,"",,,,"Extension.value[x]",0,1,"","ele-1:All FHIR elements must have a @value or children {hasValue() or (children().count() > id.count())}
","N/A"
"Patient.extension:citizenship.extension:period","Patient.extension.extension","period","","",0,1,"","","","Extension {[]} {[]}
","Time period of citizenship","Period when citizenship was effective.","","","","","","","","","",,,,,"",,,,"Element.extension",0,*,"","ele-1:All FHIR elements must have a @value or children {hasValue() or (children().count() > id.count())}
ext-1:Must have either extensions or value[x], not both {extension.exists() != value.exists()}"
"Patient.extension:citizenship.extension:period.id","Patient.extension.extension.id","","","",0,1,"","","","string {[]} {[]}
","Unique id for inter-element referencing","Unique id for the element within a resource (for internal references). This may be any string value that does not contain spaces.","","","","","","","","","",,,,,"",,,,"Element.id",0,1,"","","n/a"
"Patient.extension:citizenship.extension:period.extension","Patient.extension.extension.extension","","","",0,0,"","","","Extension {[]} {[]}
","Extension","An Extension","","","","","","","","","",,,,,"","value:url}
","Extensions are always sliced by (at least) url",,"open","Element.extension",0,*,"","ele-1:All FHIR elements must have a @value or children {hasValue() or (children().count() > id.count())}
ext-1:Must have either extensions or value[x], not both {extension.exists() != value.exists()}"
"Patient.extension:citizenship.extension:period.url","Patient.extension.extension.url","","","",1,1,"","","","uri {[]} {[]}
","identifies the meaning of the extension","Source of the definition for the extension code - a logical name or a URL.","The definition may point directly to a computable or human-readable definition of the extensibility codes, or it may be a logical URI as declared in some other specification. The definition SHALL be a URI for the Structure Definition defining the extension.","","","","<valueUri xmlns=""http://hl7.org/fhir"" value=""period""/>","","","","",,,,,"",,,,"Extension.url",1,1,"","","N/A"
"Patient.extension:citizenship.extension:period.value[x]","Patient.extension.extension.value[x]","","","",1,1,"","","","Period {[]} {[]}
","Value of extension","Value of extension - must be one of a constrained set of the data types (see [Extensibility](http://hl7.org/fhir/extensibility.html) for a list).","","","","","","","","","",,,,,"",,,,"Extension.value[x]",0,1,"","ele-1:All FHIR elements must have a @value or children {hasValue() or (children().count() > id.count())}
","N/A"
"Patient.extension:citizenship.url","Patient.extension.url","","","",1,1,"","","","uri {[]} {[]}
","identifies the meaning of the extension","Source of the definition for the extension code - a logical name or a URL.","The definition may point directly to a computable or human-readable definition of the extensibility codes, or it may be a logical URI as declared in some other specification. The definition SHALL be a URI for the Structure Definition defining the extension.","","","","<valueUri xmlns=""http://hl7.org/fhir"" value=""http://hl7.org/fhir/StructureDefinition/patient-citizenship""/>","","","","",,,,,"",,,,"Extension.url",1,1,"","","N/A"
"Patient.extension:citizenship.value[x]","Patient.extension.value[x]","","","",0,0,"","","","base64Binary {[]} {[]}
boolean {[]} {[]}canonical {[]} {[]}code {[]} {[]}date {[]} {[]}dateTime {[]} {[]}decimal {[]} {[]}id {[]} {[]}instant {[]} {[]}integer {[]} {[]}markdown {[]} {[]}oid {[]} {[]}positiveInt {[]} {[]}string {[]} {[]}time {[]} {[]}unsignedInt {[]} {[]}uri {[]} {[]}url {[]} {[]}uuid {[]} {[]}Address {[]} {[]}Age {[]} {[]}Annotation {[]} {[]}Attachment {[]} {[]}CodeableConcept {[]} {[]}Coding {[]} {[]}ContactPoint {[]} {[]}Count {[]} {[]}Distance {[]} {[]}Duration {[]} {[]}HumanName {[]} {[]}Identifier {[]} {[]}Money {[]} {[]}Period {[]} {[]}Quantity {[]} {[]}Range {[]} {[]}Ratio {[]} {[]}Reference {[]} {[]}SampledData {[]} {[]}Signature {[]} {[]}Timing {[]} {[]}ContactDetail {[]} {[]}Contributor {[]} {[]}DataRequirement {[]} {[]}Expression {[]} {[]}ParameterDefinition {[]} {[]}RelatedArtifact {[]} {[]}TriggerDefinition {[]} {[]}UsageContext {[]} {[]}Dosage {[]} {[]}Meta {[]} {[]}","Value of extension","Value of extension - must be one of a constrained set of the data types (see [Extensibility](http://hl7.org/fhir/extensibility.html) for a list).","","","","","","","","","",,,,,"",,,,"Extension.value[x]",0,1,"","ele-1:All FHIR elements must have a @value or children {hasValue() or (children().count() > id.count())}
","N/A"
"Patient.modifierExtension","Patient.modifierExtension","","extensions
user content","",0,*,"","Y","","Extension {[]} {[]}
","Extensions that cannot be ignored","May be used to represent additional information that is not part of the basic definition of the resource and that modifies the understanding of the element that contains it and/or the understanding of the containing element's descendants. Usually modifier elements provide negation or qualification. To make the use of extensions safe and manageable, there is a strict set of governance applied to the definition and use of extensions. Though any implementer is allowed to define an extension, there is a set of requirements that SHALL be met as part of the definition of the extension. Applications processing a resource are required to check for modifier extensions.

Modifier extensions SHALL NOT change the meaning of any elements on Resource or DomainResource (including cannot change the meaning of modifierExtension itself).","There can be no stigma associated with the use of extensions by any application, project, or standard - regardless of the institution or jurisdiction that uses or defines the extensions.  The use of extensions is what allows the FHIR specification to retain a core level of simplicity for everyone.","Modifier extensions allow for extensions that *cannot* be safely ignored to be clearly distinguished from the vast majority of extensions which can be safely ignored.  This promotes interoperability by eliminating the need for implementers to prohibit the presence of extensions. For further information, see the [definition of modifier extensions](http://hl7.org/fhir/R4/extensibility.html#modifierExtension).","","","","","","","",,,,,"",,,,"DomainResource.modifierExtension",0,*,"","ele-1:All FHIR elements must have a @value or children {hasValue() or (children().count() > id.count())}
ext-1:Must have either extensions or value[x], not both {extension.exists() != value.exists()}","N/A"
"Patient.identifier","Patient.identifier","","","",0,*,"Y","","Y","Identifier {[]} {[]}
","Identifier for this patient","An identifier for this patient. Should be at Fødselsnummer, Felles hjelpenummer, D-nummer or locally assigned H-nummer","","Patients are almost always assigned specific numerical identifiers.","","","","","","","",,,,,"","value:system}
","",,"open","Patient.identifier",0,*,"","ele-1:All FHIR elements must have a @value or children {hasValue() or (children().count() > id.count())}
","id",".id","FiveWs.identifier","PID-3"
"Patient.identifier:FNR","Patient.identifier","FNR","","",0,*,"","","Y","Identifier {[]} {[]}
","Norwegian FNR","Fødselsnummer for the patient. Fødselsnummer as one of the possible patient identifier, should at least be sent unless there is a reason not to. Reasons for not sending the Fødselsnummer include but are not limited to, research and apps without a contract for processing data.

Multiple FNR can exist for a person. If several FNR is provided the time period that each identifier is valid should be provided. No information about period is required when only one FNR is provided.","","Patients are almost always assigned specific numerical identifiers.","","","","","","","",,,,,"",,,,"Patient.identifier",0,*,"","ele-1:All FHIR elements must have a @value or children {hasValue() or (children().count() > id.count())}
","id",".id","FiveWs.identifier","PID-3"
"Patient.identifier:FNR.id","Patient.identifier.id","","","",0,1,"","","","string {[]} {[]}
","Unique id for inter-element referencing","Unique id for the element within a resource (for internal references). This may be any string value that does not contain spaces.","","","","","","","","","",,,,,"",,,,"Element.id",0,1,"","","n/a"
"Patient.identifier:FNR.extension","Patient.identifier.extension","","extensions
user content","",0,*,"","","","Extension {[]} {[]}
","Additional content defined by implementations","May be used to represent additional information that is not part of the basic definition of the element. To make the use of extensions safe and manageable, there is a strict set of governance  applied to the definition and use of extensions. Though any implementer can define an extension, there is a set of requirements that SHALL be met as part of the definition of the extension.","There can be no stigma associated with the use of extensions by any application, project, or standard - regardless of the institution or jurisdiction that uses or defines the extensions.  The use of extensions is what allows the FHIR specification to retain a core level of simplicity for everyone.","","","","","","","","",,,,,"","value:url}
","Extensions are always sliced by (at least) url",,"open","Element.extension",0,*,"","ele-1:All FHIR elements must have a @value or children {hasValue() or (children().count() > id.count())}
ext-1:Must have either extensions or value[x], not both {extension.exists() != value.exists()}","n/a"
"Patient.identifier:FNR.use","Patient.identifier.use","","","",0,1,"","Y","Y","code {[]} {[]}
","usual | official | temp | secondary | old (If known)","The purpose of this identifier.","Applications can assume that an identifier is permanent unless it explicitly says that it is temporary.","Allows the appropriate identifier for a particular context of use to be selected from among a set of identifiers.","","","","","","","",,"required","Identifies the purpose for this identifier, if known .","http://hl7.org/fhir/ValueSet/identifier-use|4.0.1","",,,,"Identifier.use",0,1,"","ele-1:All FHIR elements must have a @value or children {hasValue() or (children().count() > id.count())}
","Role.code or implied by context","N/A"
"Patient.identifier:FNR.type","Patient.identifier.type","","","",0,1,"","","Y","CodeableConcept {[]} {[]}
","Description of identifier","A coded type for the identifier that can be used to determine which identifier to use for a specific purpose.","This element deals only with general categories of identifiers.  It SHOULD not be used for codes that correspond 1..1 with the Identifier.system. Some identifiers may fall into multiple categories due to common usage.   Where the system is known, a type is unnecessary because the type is always part of the system definition. However systems often need to handle identifiers where the system is not known. There is not a 1:1 relationship between type and system, since many different systems have the same type.","Allows users to make use of identifiers when the identifier system is not known.","","","","","","","",,"extensible","A coded type for an identifier that can be used to determine which identifier to use for a specific purpose.","http://hl7.org/fhir/ValueSet/identifier-type","",,,,"Identifier.type",0,1,"","ele-1:All FHIR elements must have a @value or children {hasValue() or (children().count() > id.count())}
","Role.code or implied by context","CX.5"
"Patient.identifier:FNR.system","Patient.identifier.system","","","",1,1,"","","Y","uri {[]} {[]}
","Identification of the Norwegian FNR","Identifies that this is a Norwegian Fødselsnummer","Identifier.system is always case sensitive.","There are many sets  of identifiers.  To perform matching of two identifiers, we need to know what set we're dealing with. The system identifies a particular set of unique identifiers.","","","<valueUri xmlns=""http://hl7.org/fhir"" value=""urn:oid:2.16.578.1.12.4.1.4.1""/>","","<valueUri xmlns=""http://hl7.org/fhir"" value=""http://www.acme.com/identifiers/patient""/>","","",,,,,"",,,,"Identifier.system",0,1,"","ele-1:All FHIR elements must have a @value or children {hasValue() or (children().count() > id.count())}
","II.root or Role.id.root","CX.4 / EI-2-4"
"Patient.identifier:FNR.value","Patient.identifier.value","","Fødselsnummer
","",1,1,"","","Y","string {[]} {[]}
","The actual Fødselsnummer","The Norwegian Fødselsnummer","If the value is a full URI, then the system SHALL be urn:ietf:rfc:3986.  The value's primary purpose is computational mapping.  As a result, it may be normalized for comparison purposes (e.g. removing non-significant whitespace, dashes, etc.)  A value formatted for human display can be conveyed using the [Rendered Value extension](http://hl7.org/fhir/R4/extension-rendered-value.html). Identifier.value is to be treated as case sensitive unless knowledge of the Identifier.system allows the processer to be confident that non-case-sensitive processing is safe.","","","","","","<valueString xmlns=""http://hl7.org/fhir"" value=""123456""/>","","",,,,,"",,,,"Identifier.value",0,1,"","ele-1:All FHIR elements must have a @value or children {hasValue() or (children().count() > id.count())}
","II.extension or II.root if system indicates OID or GUID (Or Role.id.extension or root)","CX.1 / EI.1"
"Patient.identifier:FNR.period","Patient.identifier.period","","","",0,1,"","","Y","Period {[]} {[]}
","Time period when id is/was valid for use","Time period during which identifier is/was valid for use.","","","","","","","","","",,,,,"",,,,"Identifier.period",0,1,"","ele-1:All FHIR elements must have a @value or children {hasValue() or (children().count() > id.count())}
","Role.effectiveTime or implied by context","CX.7 + CX.8"
"Patient.identifier:FNR.assigner","Patient.identifier.assigner","","","",0,1,"","","Y","Reference {[]} {[CanonicalType[http://hl7.org/fhir/StructureDefinition/Organization]]}
","Organization that issued id (may be just text)","Organization that issued/manages the identifier.","The Identifier.assigner may omit the .reference element and only contain a .display element reflecting the name or other textual information about the assigning organization.","","","","","","","","",,,,,"",,,,"Identifier.assigner",0,1,"","ele-1:All FHIR elements must have a @value or children {hasValue() or (children().count() > id.count())}
","II.assigningAuthorityName but note that this is an improper use by the definition of the field.  Also Role.scoper","CX.4 / (CX.4,CX.9,CX.10)"
"Patient.identifier:FHN","Patient.identifier","FHN","","",0,*,"","","Y","Identifier {[]} {[]}
","Felles hjelpenummer used for the patient","Felles hjelpenummer for the patient. Felles hjelpenummer as one of the possible patient identification numbers. The norwegian Felles hjelpenummer shoud only be used when the Fødselsnummer og D-number is unknown.","","Patients are almost always assigned specific numerical identifiers.","","","","","","","",,,,,"",,,,"Patient.identifier",0,*,"","ele-1:All FHIR elements must have a @value or children {hasValue() or (children().count() > id.count())}
","id",".id","FiveWs.identifier","PID-3"
"Patient.identifier:FHN.id","Patient.identifier.id","","","",0,1,"","","","string {[]} {[]}
","Unique id for inter-element referencing","Unique id for the element within a resource (for internal references). This may be any string value that does not contain spaces.","","","","","","","","","",,,,,"",,,,"Element.id",0,1,"","","n/a"
"Patient.identifier:FHN.extension","Patient.identifier.extension","","extensions
user content","",0,*,"","","","Extension {[]} {[]}
","Additional content defined by implementations","May be used to represent additional information that is not part of the basic definition of the element. To make the use of extensions safe and manageable, there is a strict set of governance  applied to the definition and use of extensions. Though any implementer can define an extension, there is a set of requirements that SHALL be met as part of the definition of the extension.","There can be no stigma associated with the use of extensions by any application, project, or standard - regardless of the institution or jurisdiction that uses or defines the extensions.  The use of extensions is what allows the FHIR specification to retain a core level of simplicity for everyone.","","","","","","","","",,,,,"","value:url}
","Extensions are always sliced by (at least) url",,"open","Element.extension",0,*,"","ele-1:All FHIR elements must have a @value or children {hasValue() or (children().count() > id.count())}
ext-1:Must have either extensions or value[x], not both {extension.exists() != value.exists()}","n/a"
"Patient.identifier:FHN.use","Patient.identifier.use","","","",0,1,"","Y","Y","code {[]} {[]}
","usual | official | temp | secondary | old (If known)","The purpose of this identifier.","Applications can assume that an identifier is permanent unless it explicitly says that it is temporary.","Allows the appropriate identifier for a particular context of use to be selected from among a set of identifiers.","","","","","","","",,"required","Identifies the purpose for this identifier, if known .","http://hl7.org/fhir/ValueSet/identifier-use|4.0.1","",,,,"Identifier.use",0,1,"","ele-1:All FHIR elements must have a @value or children {hasValue() or (children().count() > id.count())}
","Role.code or implied by context","N/A"
"Patient.identifier:FHN.type","Patient.identifier.type","","","",0,1,"","","Y","CodeableConcept {[]} {[]}
","Description of identifier","A coded type for the identifier that can be used to determine which identifier to use for a specific purpose.","This element deals only with general categories of identifiers.  It SHOULD not be used for codes that correspond 1..1 with the Identifier.system. Some identifiers may fall into multiple categories due to common usage.   Where the system is known, a type is unnecessary because the type is always part of the system definition. However systems often need to handle identifiers where the system is not known. There is not a 1:1 relationship between type and system, since many different systems have the same type.","Allows users to make use of identifiers when the identifier system is not known.","","","","","","","",,"extensible","A coded type for an identifier that can be used to determine which identifier to use for a specific purpose.","http://hl7.org/fhir/ValueSet/identifier-type","",,,,"Identifier.type",0,1,"","ele-1:All FHIR elements must have a @value or children {hasValue() or (children().count() > id.count())}
","Role.code or implied by context","CX.5"
"Patient.identifier:FHN.system","Patient.identifier.system","","","",1,1,"","","Y","uri {[]} {[]}
","Identification of the Norwegian felles hjelpenummer","Norwegian felles hjelpenummer","Identifier.system is always case sensitive.","There are many sets  of identifiers.  To perform matching of two identifiers, we need to know what set we're dealing with. The system identifies a particular set of unique identifiers.","","","<valueUri xmlns=""http://hl7.org/fhir"" value=""urn:oid:2.16.578.1.12.4.1.4.3""/>","","<valueUri xmlns=""http://hl7.org/fhir"" value=""http://www.acme.com/identifiers/patient""/>","","",,,,,"",,,,"Identifier.system",0,1,"","ele-1:All FHIR elements must have a @value or children {hasValue() or (children().count() > id.count())}
","II.root or Role.id.root","CX.4 / EI-2-4"
"Patient.identifier:FHN.value","Patient.identifier.value","","","",1,1,"","","Y","string {[]} {[]}
","The actual Hjelpenummer","The actual Norwegian Hjelpenummer","If the value is a full URI, then the system SHALL be urn:ietf:rfc:3986.  The value's primary purpose is computational mapping.  As a result, it may be normalized for comparison purposes (e.g. removing non-significant whitespace, dashes, etc.)  A value formatted for human display can be conveyed using the [Rendered Value extension](http://hl7.org/fhir/R4/extension-rendered-value.html). Identifier.value is to be treated as case sensitive unless knowledge of the Identifier.system allows the processer to be confident that non-case-sensitive processing is safe.","","","","","","<valueString xmlns=""http://hl7.org/fhir"" value=""123456""/>","","",,,,,"",,,,"Identifier.value",0,1,"","ele-1:All FHIR elements must have a @value or children {hasValue() or (children().count() > id.count())}
","II.extension or II.root if system indicates OID or GUID (Or Role.id.extension or root)","CX.1 / EI.1"
"Patient.identifier:FHN.period","Patient.identifier.period","","","",0,1,"","","Y","Period {[]} {[]}
","Time period when id is/was valid for use","Time period during which identifier is/was valid for use.","","","","","","","","","",,,,,"",,,,"Identifier.period",0,1,"","ele-1:All FHIR elements must have a @value or children {hasValue() or (children().count() > id.count())}
","Role.effectiveTime or implied by context","CX.7 + CX.8"
"Patient.identifier:FHN.assigner","Patient.identifier.assigner","","","",0,1,"","","Y","Reference {[]} {[CanonicalType[http://hl7.org/fhir/StructureDefinition/Organization]]}
","Organization that issued id (may be just text)","Organization that issued/manages the identifier.","The Identifier.assigner may omit the .reference element and only contain a .display element reflecting the name or other textual information about the assigning organization.","","","","","","","","",,,,,"",,,,"Identifier.assigner",0,1,"","ele-1:All FHIR elements must have a @value or children {hasValue() or (children().count() > id.count())}
","II.assigningAuthorityName but note that this is an improper use by the definition of the field.  Also Role.scoper","CX.4 / (CX.4,CX.9,CX.10)"
"Patient.identifier:DNR","Patient.identifier","DNR","","",0,*,"","","Y","Identifier {[]} {[]}
","The D-nummer of the patient","The D-nummer of the patient. (assigned by the norwegian Skatteetaten)","","Patients are almost always assigned specific numerical identifiers.","","","","","","","",,,,,"",,,,"Patient.identifier",0,*,"","ele-1:All FHIR elements must have a @value or children {hasValue() or (children().count() > id.count())}
","id",".id","FiveWs.identifier","PID-3"
"Patient.identifier:DNR.id","Patient.identifier.id","","","",0,1,"","","","string {[]} {[]}
","Unique id for inter-element referencing","Unique id for the element within a resource (for internal references). This may be any string value that does not contain spaces.","","","","","","","","","",,,,,"",,,,"Element.id",0,1,"","","n/a"
"Patient.identifier:DNR.extension","Patient.identifier.extension","","extensions
user content","",0,*,"","","","Extension {[]} {[]}
","Additional content defined by implementations","May be used to represent additional information that is not part of the basic definition of the element. To make the use of extensions safe and manageable, there is a strict set of governance  applied to the definition and use of extensions. Though any implementer can define an extension, there is a set of requirements that SHALL be met as part of the definition of the extension.","There can be no stigma associated with the use of extensions by any application, project, or standard - regardless of the institution or jurisdiction that uses or defines the extensions.  The use of extensions is what allows the FHIR specification to retain a core level of simplicity for everyone.","","","","","","","","",,,,,"","value:url}
","Extensions are always sliced by (at least) url",,"open","Element.extension",0,*,"","ele-1:All FHIR elements must have a @value or children {hasValue() or (children().count() > id.count())}
ext-1:Must have either extensions or value[x], not both {extension.exists() != value.exists()}","n/a"
"Patient.identifier:DNR.use","Patient.identifier.use","","","",0,1,"","Y","Y","code {[]} {[]}
","usual | official | temp | secondary | old (If known)","The purpose of this identifier.","Applications can assume that an identifier is permanent unless it explicitly says that it is temporary.","Allows the appropriate identifier for a particular context of use to be selected from among a set of identifiers.","","","","","","","",,"required","Identifies the purpose for this identifier, if known .","http://hl7.org/fhir/ValueSet/identifier-use|4.0.1","",,,,"Identifier.use",0,1,"","ele-1:All FHIR elements must have a @value or children {hasValue() or (children().count() > id.count())}
","Role.code or implied by context","N/A"
"Patient.identifier:DNR.type","Patient.identifier.type","","","",0,1,"","","Y","CodeableConcept {[]} {[]}
","Description of identifier","A coded type for the identifier that can be used to determine which identifier to use for a specific purpose.","This element deals only with general categories of identifiers.  It SHOULD not be used for codes that correspond 1..1 with the Identifier.system. Some identifiers may fall into multiple categories due to common usage.   Where the system is known, a type is unnecessary because the type is always part of the system definition. However systems often need to handle identifiers where the system is not known. There is not a 1:1 relationship between type and system, since many different systems have the same type.","Allows users to make use of identifiers when the identifier system is not known.","","","","","","","",,"extensible","A coded type for an identifier that can be used to determine which identifier to use for a specific purpose.","http://hl7.org/fhir/ValueSet/identifier-type","",,,,"Identifier.type",0,1,"","ele-1:All FHIR elements must have a @value or children {hasValue() or (children().count() > id.count())}
","Role.code or implied by context","CX.5"
"Patient.identifier:DNR.system","Patient.identifier.system","","","",1,1,"","","Y","uri {[]} {[]}
","The identification of the D-nummer","The identification of the Norwegian D-nummer","Identifier.system is always case sensitive.","There are many sets  of identifiers.  To perform matching of two identifiers, we need to know what set we're dealing with. The system identifies a particular set of unique identifiers.","","","<valueUri xmlns=""http://hl7.org/fhir"" value=""urn:oid:2.16.578.1.12.4.1.4.2""/>","","<valueUri xmlns=""http://hl7.org/fhir"" value=""http://www.acme.com/identifiers/patient""/>","","",,,,,"",,,,"Identifier.system",0,1,"","ele-1:All FHIR elements must have a @value or children {hasValue() or (children().count() > id.count())}
","II.root or Role.id.root","CX.4 / EI-2-4"
"Patient.identifier:DNR.value","Patient.identifier.value","","","",1,1,"","","Y","string {[]} {[]}
","The actual D-nummer","The actual Norwegian D-nummer","If the value is a full URI, then the system SHALL be urn:ietf:rfc:3986.  The value's primary purpose is computational mapping.  As a result, it may be normalized for comparison purposes (e.g. removing non-significant whitespace, dashes, etc.)  A value formatted for human display can be conveyed using the [Rendered Value extension](http://hl7.org/fhir/R4/extension-rendered-value.html). Identifier.value is to be treated as case sensitive unless knowledge of the Identifier.system allows the processer to be confident that non-case-sensitive processing is safe.","","","","","","<valueString xmlns=""http://hl7.org/fhir"" value=""123456""/>","","",,,,,"",,,,"Identifier.value",0,1,"","ele-1:All FHIR elements must have a @value or children {hasValue() or (children().count() > id.count())}
","II.extension or II.root if system indicates OID or GUID (Or Role.id.extension or root)","CX.1 / EI.1"
"Patient.identifier:DNR.period","Patient.identifier.period","","","",0,1,"","","Y","Period {[]} {[]}
","Time period when id is/was valid for use","Time period during which identifier is/was valid for use.","","","","","","","","","",,,,,"",,,,"Identifier.period",0,1,"","ele-1:All FHIR elements must have a @value or children {hasValue() or (children().count() > id.count())}
","Role.effectiveTime or implied by context","CX.7 + CX.8"
"Patient.identifier:DNR.assigner","Patient.identifier.assigner","","","",0,1,"","","Y","Reference {[]} {[CanonicalType[http://hl7.org/fhir/StructureDefinition/Organization]]}
","Organization that issued id (may be just text)","Organization that issued/manages the identifier.","The Identifier.assigner may omit the .reference element and only contain a .display element reflecting the name or other textual information about the assigning organization.","","","","","","","","",,,,,"",,,,"Identifier.assigner",0,1,"","ele-1:All FHIR elements must have a @value or children {hasValue() or (children().count() > id.count())}
","II.assigningAuthorityName but note that this is an improper use by the definition of the field.  Also Role.scoper","CX.4 / (CX.4,CX.9,CX.10)"
"Patient.identifier:HNR","Patient.identifier","HNR","","",0,*,"","","Y","Identifier {[]} {[]}
","A locally assigned H-nummer","A locally assigned H-nummer. If this identifier is used, information about the assigner is mandatory. Merk at lokale hjelpenummer (H-nummer) for pasient ikke garanterer at kombinasjonen system og value er gir unik identifikasjon, siden disse tildeles på lokalt i det enkelte kliniske fagsystem. Felles nasjonale hjelpenummer utstedt av tjenesten for felles hjelpenummer er imidlertid unike i Norge (og globalt unike i kombinasjon med system).","","Patients are almost always assigned specific numerical identifiers.","","","","","","","",,,,,"",,,,"Patient.identifier",0,*,"","ele-1:All FHIR elements must have a @value or children {hasValue() or (children().count() > id.count())}
","id",".id","FiveWs.identifier","PID-3"
"Patient.identifier:HNR.id","Patient.identifier.id","","","",0,1,"","","","string {[]} {[]}
","Unique id for inter-element referencing","Unique id for the element within a resource (for internal references). This may be any string value that does not contain spaces.","","","","","","","","","",,,,,"",,,,"Element.id",0,1,"","","n/a"
"Patient.identifier:HNR.extension","Patient.identifier.extension","","extensions
user content","",0,*,"","","","Extension {[]} {[]}
","Additional content defined by implementations","May be used to represent additional information that is not part of the basic definition of the element. To make the use of extensions safe and manageable, there is a strict set of governance  applied to the definition and use of extensions. Though any implementer can define an extension, there is a set of requirements that SHALL be met as part of the definition of the extension.","There can be no stigma associated with the use of extensions by any application, project, or standard - regardless of the institution or jurisdiction that uses or defines the extensions.  The use of extensions is what allows the FHIR specification to retain a core level of simplicity for everyone.","","","","","","","","",,,,,"","value:url}
","Extensions are always sliced by (at least) url",,"open","Element.extension",0,*,"","ele-1:All FHIR elements must have a @value or children {hasValue() or (children().count() > id.count())}
ext-1:Must have either extensions or value[x], not both {extension.exists() != value.exists()}","n/a"
"Patient.identifier:HNR.use","Patient.identifier.use","","","",0,1,"","Y","Y","code {[]} {[]}
","usual | official | temp | secondary | old (If known)","The purpose of this identifier.","Applications can assume that an identifier is permanent unless it explicitly says that it is temporary.","Allows the appropriate identifier for a particular context of use to be selected from among a set of identifiers.","","","","","","","",,"required","Identifies the purpose for this identifier, if known .","http://hl7.org/fhir/ValueSet/identifier-use|4.0.1","",,,,"Identifier.use",0,1,"","ele-1:All FHIR elements must have a @value or children {hasValue() or (children().count() > id.count())}
","Role.code or implied by context","N/A"
"Patient.identifier:HNR.type","Patient.identifier.type","","","",0,1,"","","Y","CodeableConcept {[]} {[]}
","Description of identifier","A coded type for the identifier that can be used to determine which identifier to use for a specific purpose.","This element deals only with general categories of identifiers.  It SHOULD not be used for codes that correspond 1..1 with the Identifier.system. Some identifiers may fall into multiple categories due to common usage.   Where the system is known, a type is unnecessary because the type is always part of the system definition. However systems often need to handle identifiers where the system is not known. There is not a 1:1 relationship between type and system, since many different systems have the same type.","Allows users to make use of identifiers when the identifier system is not known.","","","","","","","",,"extensible","A coded type for an identifier that can be used to determine which identifier to use for a specific purpose.","http://hl7.org/fhir/ValueSet/identifier-type","",,,,"Identifier.type",0,1,"","ele-1:All FHIR elements must have a @value or children {hasValue() or (children().count() > id.count())}
","Role.code or implied by context","CX.5"
"Patient.identifier:HNR.type.id","Patient.identifier.type.id","","","",0,1,"","","","string {[]} {[]}
","Unique id for inter-element referencing","Unique id for the element within a resource (for internal references). This may be any string value that does not contain spaces.","","","","","","","","","",,,,,"",,,,"Element.id",0,1,"","","n/a"
"Patient.identifier:HNR.type.extension","Patient.identifier.type.extension","","extensions
user content","",0,*,"","","","Extension {[]} {[]}
","Additional content defined by implementations","May be used to represent additional information that is not part of the basic definition of the element. To make the use of extensions safe and manageable, there is a strict set of governance  applied to the definition and use of extensions. Though any implementer can define an extension, there is a set of requirements that SHALL be met as part of the definition of the extension.","There can be no stigma associated with the use of extensions by any application, project, or standard - regardless of the institution or jurisdiction that uses or defines the extensions.  The use of extensions is what allows the FHIR specification to retain a core level of simplicity for everyone.","","","","","","","","",,,,,"","value:url}
","Extensions are always sliced by (at least) url",,"open","Element.extension",0,*,"","ele-1:All FHIR elements must have a @value or children {hasValue() or (children().count() > id.count())}
ext-1:Must have either extensions or value[x], not both {extension.exists() != value.exists()}","n/a"
"Patient.identifier:HNR.type.coding","Patient.identifier.type.coding","","","",0,*,"","","Y","Coding {[]} {[]}
","Code defined by a terminology system","A reference to a code defined by a terminology system.","Codes may be defined very casually in enumerations, or code lists, up to very formal definitions such as SNOMED CT - see the HL7 v3 Core Principles for more information.  Ordering of codings is undefined and SHALL NOT be used to infer meaning. Generally, at most only one of the coding values will be labeled as UserSelected = true.","Allows for alternative encodings within a code system, and translations to other code systems.","","","","","","","",,,,,"",,,,"CodeableConcept.coding",0,*,"","ele-1:All FHIR elements must have a @value or children {hasValue() or (children().count() > id.count())}
","union(., ./translation)","C*E.1-8, C*E.10-22"
"Patient.identifier:HNR.type.coding.id","Patient.identifier.type.coding.id","","","",0,1,"","","","string {[]} {[]}
","Unique id for inter-element referencing","Unique id for the element within a resource (for internal references). This may be any string value that does not contain spaces.","","","","","","","","","",,,,,"",,,,"Element.id",0,1,"","","n/a"
"Patient.identifier:HNR.type.coding.extension","Patient.identifier.type.coding.extension","","extensions
user content","",0,*,"","","","Extension {[]} {[]}
","Additional content defined by implementations","May be used to represent additional information that is not part of the basic definition of the element. To make the use of extensions safe and manageable, there is a strict set of governance  applied to the definition and use of extensions. Though any implementer can define an extension, there is a set of requirements that SHALL be met as part of the definition of the extension.","There can be no stigma associated with the use of extensions by any application, project, or standard - regardless of the institution or jurisdiction that uses or defines the extensions.  The use of extensions is what allows the FHIR specification to retain a core level of simplicity for everyone.","","","","","","","","",,,,,"","value:url}
","Extensions are always sliced by (at least) url",,"open","Element.extension",0,*,"","ele-1:All FHIR elements must have a @value or children {hasValue() or (children().count() > id.count())}
ext-1:Must have either extensions or value[x], not both {extension.exists() != value.exists()}","n/a"
"Patient.identifier:HNR.type.coding.system","Patient.identifier.type.coding.system","","","",1,1,"","","Y","uri {[]} {[]}
","Identity of the terminology system","CodeSystem on Volven for official personal identifiers.
The identification of the code system that defines the meaning of the symbol in the code.","The URI may be an OID (urn:oid:...) or a UUID (urn:uuid:...).  OIDs and UUIDs SHALL be references to the HL7 OID registry. Otherwise, the URI should come from HL7's list of FHIR defined special URIs or it should reference to some definition that establishes the system clearly and unambiguously.","Need to be unambiguous about the source of the definition of the symbol.","","","<valueUri xmlns=""http://hl7.org/fhir"" value=""urn:oid:2.16.578.1.12.4.1.1.8327""/>","","","","",,,,,"",,,,"Coding.system",0,1,"","ele-1:All FHIR elements must have a @value or children {hasValue() or (children().count() > id.count())}
","./codeSystem","C*E.3"
"Patient.identifier:HNR.type.coding.version","Patient.identifier.type.coding.version","","","",0,1,"","","Y","string {[]} {[]}
","Version of the system - if relevant","The version of the code system which was used when choosing this code. Note that a well-maintained code system does not need the version reported, because the meaning of codes is consistent across versions. However this cannot consistently be assured, and when the meaning is not guaranteed to be consistent, the version SHOULD be exchanged.","Where the terminology does not clearly define what string should be used to identify code system versions, the recommendation is to use the date (expressed in FHIR date format) on which that version was officially published as the version date.","","","","","","","","",,,,,"",,,,"Coding.version",0,1,"","ele-1:All FHIR elements must have a @value or children {hasValue() or (children().count() > id.count())}
","./codeSystemVersion","C*E.7"
"Patient.identifier:HNR.type.coding.code","Patient.identifier.type.coding.code","","","",1,1,"","","Y","code {[]} {[]}
","Symbol in syntax defined by the system","The code for local Hjelpenummer in the CodeSystem

A symbol in syntax defined by the system. The symbol may be a predefined code or an expression in a syntax defined by the coding system (e.g. post-coordination).","","Need to refer to a particular code in the system.","","","<valueCode xmlns=""http://hl7.org/fhir"" value=""HNR""/>","","","","",,,,,"",,,,"Coding.code",0,1,"","ele-1:All FHIR elements must have a @value or children {hasValue() or (children().count() > id.count())}
","./code","C*E.1"
"Patient.identifier:HNR.type.coding.display","Patient.identifier.type.coding.display","","","",0,1,"","","Y","string {[]} {[]}
","Representation defined by the system","A representation of the meaning of the code in the system, following the rules of the system.","","Need to be able to carry a human-readable meaning of the code for readers that do not know  the system.","","","","","","","",,,,,"",,,,"Coding.display",0,1,"","ele-1:All FHIR elements must have a @value or children {hasValue() or (children().count() > id.count())}
","CV.displayName","C*E.2 - but note this is not well followed"
"Patient.identifier:HNR.type.coding.userSelected","Patient.identifier.type.coding.userSelected","","","",0,1,"","","Y","boolean {[]} {[]}
","If this coding was chosen directly by the user","Indicates that this coding was chosen by a user directly - e.g. off a pick list of available items (codes or displays).","Amongst a set of alternatives, a directly chosen code is the most appropriate starting point for new translations. There is some ambiguity about what exactly 'directly chosen' implies, and trading partner agreement may be needed to clarify the use of this element and its consequences more completely.","This has been identified as a clinical safety criterium - that this exact system/code pair was chosen explicitly, rather than inferred by the system based on some rules or language processing.","","","","","","","",,,,,"",,,,"Coding.userSelected",0,1,"","ele-1:All FHIR elements must have a @value or children {hasValue() or (children().count() > id.count())}
","CD.codingRationale","Sometimes implied by being first"
"Patient.identifier:HNR.type.text","Patient.identifier.type.text","","","",0,1,"","","Y","string {[]} {[]}
","Plain text representation of the concept","A human language representation of the concept as seen/selected/uttered by the user who entered the data and/or which represents the intended meaning of the user.","Very often the text is the same as a displayName of one of the codings.","The codes from the terminologies do not always capture the correct meaning with all the nuances of the human using them, or sometimes there is no appropriate code at all. In these cases, the text is used to capture the full meaning of the source.","","","","","","","",,,,,"",,,,"CodeableConcept.text",0,1,"","ele-1:All FHIR elements must have a @value or children {hasValue() or (children().count() > id.count())}
","./originalText[mediaType/code=""text/plain""]/data","C*E.9. But note many systems use C*E.2 for this"
"Patient.identifier:HNR.system","Patient.identifier.system","","","",0,1,"","","Y","uri {[]} {[]}
","The namespace for the identifier value","Establishes the namespace for the value - that is, a URL that describes a set values that are unique.","Identifier.system is always case sensitive.","There are many sets  of identifiers.  To perform matching of two identifiers, we need to know what set we're dealing with. The system identifies a particular set of unique identifiers.","","","<valueUri xmlns=""http://hl7.org/fhir"" value=""HNR""/>","","<valueUri xmlns=""http://hl7.org/fhir"" value=""http://www.acme.com/identifiers/patient""/>","","",,,,,"",,,,"Identifier.system",0,1,"","ele-1:All FHIR elements must have a @value or children {hasValue() or (children().count() > id.count())}
","II.root or Role.id.root","CX.4 / EI-2-4"
"Patient.identifier:HNR.value","Patient.identifier.value","","","",1,1,"","","Y","string {[]} {[]}
","The value that is unique","The actual Hjelpenummer.

The portion of the identifier typically relevant to the user and which is unique within the context of the system.","If the value is a full URI, then the system SHALL be urn:ietf:rfc:3986.  The value's primary purpose is computational mapping.  As a result, it may be normalized for comparison purposes (e.g. removing non-significant whitespace, dashes, etc.)  A value formatted for human display can be conveyed using the [Rendered Value extension](http://hl7.org/fhir/R4/extension-rendered-value.html). Identifier.value is to be treated as case sensitive unless knowledge of the Identifier.system allows the processer to be confident that non-case-sensitive processing is safe.","","","","","","<valueString xmlns=""http://hl7.org/fhir"" value=""123456""/>","","",,,,,"",,,,"Identifier.value",0,1,"","ele-1:All FHIR elements must have a @value or children {hasValue() or (children().count() > id.count())}
","II.extension or II.root if system indicates OID or GUID (Or Role.id.extension or root)","CX.1 / EI.1"
"Patient.identifier:HNR.period","Patient.identifier.period","","","",0,1,"","","Y","Period {[]} {[]}
","Time period when id is/was valid for use","Time period during which identifier is/was valid for use.","","","","","","","","","",,,,,"",,,,"Identifier.period",0,1,"","ele-1:All FHIR elements must have a @value or children {hasValue() or (children().count() > id.count())}
","Role.effectiveTime or implied by context","CX.7 + CX.8"
"Patient.identifier:HNR.assigner","Patient.identifier.assigner","","","",1,1,"","","Y","Reference {[]} {[CanonicalType[http://hl7.org/fhir/StructureDefinition/Organization]]}
","Organization that issued id (may be just text)","Assigner is mandatory for localy assigne Hjelpenummer.

Organization that issued/manages the identifier.","The Identifier.assigner may omit the .reference element and only contain a .display element reflecting the name or other textual information about the assigning organization.","","","","","","","","",,,,,"",,,,"Identifier.assigner",0,1,"","ele-1:All FHIR elements must have a @value or children {hasValue() or (children().count() > id.count())}
","II.assigningAuthorityName but note that this is an improper use by the definition of the field.  Also Role.scoper","CX.4 / (CX.4,CX.9,CX.10)"
"Patient.active","Patient.active","","","",0,1,"","Y","Y","boolean {[]} {[]}
","Whether this patient's record is in active use","Whether this patient record is in active use. 
Many systems use this property to mark as non-current patients, such as those that have not been seen for a period of time based on an organization's business rules.

It is often used to filter patient lists to exclude inactive patients

Deceased patients may also be marked as inactive for the same reasons, but may be active for some time after death.","If a record is inactive, and linked to an active record, then future patient/record updates should occur on the other patient.","Need to be able to mark a patient record as not to be used because it was created in error.","","This resource is generally assumed to be active if no value is provided for the active element","","","","","",,,,,"",,,,"Patient.active",0,1,"","ele-1:All FHIR elements must have a @value or children {hasValue() or (children().count() > id.count())}
","statusCode","n/a","FiveWs.status"
"Patient.name","Patient.name","","","",0,*,"","","Y","HumanName {[CanonicalType[http://hl7.no/fhir/StructureDefinition/no-basis-HumanName]]} {[]}
","A name associated with the patient","A name associated with the individual.","A patient may have multiple names with different uses or applicable periods. For animals, the name is a ""HumanName"" in the sense that is assigned and used by humans and has the same patterns.","Need to be able to track the patient by multiple names. Examples are your official name and a partner name.","","","","","","","",,,,,"",,,,"Patient.name",0,*,"","ele-1:All FHIR elements must have a @value or children {hasValue() or (children().count() > id.count())}
","name",".patient.name","PID-5, PID-9"
"Patient.name.id","Patient.name.id","","","",0,1,"","","","string {[]} {[]}
","Unique id for inter-element referencing","Unique id for the element within a resource (for internal references). This may be any string value that does not contain spaces.","","","","","","","","","",,,,,"",,,,"Element.id",0,1,"","","n/a"
"Patient.name.extension","Patient.name.extension","","","",0,*,"","","","Extension {[]} {[]}
","Extension","An Extension","","","","","","","","","",,,,,"","value:url}
","Extensions are always sliced by (at least) url",,"open","Element.extension",0,*,"","ele-1:All FHIR elements must have a @value or children {hasValue() or (children().count() > id.count())}
ext-1:Must have either extensions or value[x], not both {extension.exists() != value.exists()}"
"Patient.name.extension:middlename","Patient.name.extension","middlename","mellomnavn
","",0,1,"","","","Extension {[CanonicalType[http://hl7.no/fhir/StructureDefinition/no-basis-middlename]]} {[]}
","Defines a middle name","Defines a middle name as a specific extension as this is widely used in Norwegian names. The middlename is defined in norwegian legislation (lov om personnavn).","","","","","","","","","",,,,,"",,,,"Element.extension",0,*,"","ele-1:All FHIR elements must have a @value or children {hasValue() or (children().count() > id.count())}
ext-1:Must have either extensions or value[x], not both {extension.exists() != value.exists()}"
"Patient.name.use","Patient.name.use","","","",0,1,"","Y","Y","code {[]} {[]}
","usual | official | temp | nickname | anonymous | old | maiden","Identifies the purpose for this name.","Applications can assume that a name is current unless it explicitly says that it is temporary or old.","Allows the appropriate name for a particular context of use to be selected from among a set of names.","","","","","","","",,"required","The use of a human name.","http://hl7.org/fhir/ValueSet/name-use|4.0.1","",,,,"HumanName.use",0,1,"","ele-1:All FHIR elements must have a @value or children {hasValue() or (children().count() > id.count())}
","unique(./use)","XPN.7, but often indicated by which field contains the name"
"Patient.name.text","Patient.name.text","","","",0,1,"","","Y","string {[]} {[]}
","Text representation of the full name","Specifies the entire name as it should be displayed e.g. on an application UI. This may be provided instead of or as well as the specific parts.","Can provide both a text representation and parts. Applications updating a name SHALL ensure that when both text and parts are present,  no content is included in the text that isn't found in a part.","A renderable, unencoded form.","","","","","","","",,,,,"",,,,"HumanName.text",0,1,"","ele-1:All FHIR elements must have a @value or children {hasValue() or (children().count() > id.count())}
","./formatted","implied by XPN.11"
"Patient.name.family","Patient.name.family","","surname
etternavn","",0,1,"Y","","Y","string {[]} {[]}
","Family name (often called 'Surname')","Ref. ""lov om personnavn"" for further details about Norwegian HumanNames.

The part of a name that links to the genealogy. In some cultures (e.g. Eritrea) the family name of a son is the first name of his father.","Family Name may be decomposed into specific parts using extensions (de, nl, es related cultures).","","","","","","","","",,,,,"",,,,"HumanName.family",0,1,"","ele-1:All FHIR elements must have a @value or children {hasValue() or (children().count() > id.count())}
","./part[partType = FAM]","XPN.1/FN.1"
"Patient.name.given","Patient.name.given","","first name
middle namefornavn","",0,*,"","","Y","string {[]} {[]}
","Given names (not always 'first')","Given name. In Norway Given name does not include middlenames according to the regulation for norwegian names. Multiple given names are however legal. Ref. ""Lov om personnavn"" for further details about Norwegian HumanNames.","If only initials are recorded, they may be used in place of the full name parts. Initials may be separated into multiple given names but often aren't due to paractical limitations.  This element is not called ""first name"" since given names do not always come first.","","","","","","","","",,,,,"",,,,"HumanName.given",0,*,"","ele-1:All FHIR elements must have a @value or children {hasValue() or (children().count() > id.count())}
","./part[partType = GIV]","XPN.2 + XPN.3"
"Patient.name.prefix","Patient.name.prefix","","","",0,*,"","","Y","string {[]} {[]}
","Prefix is not used in Norwegian names","This is not a part of official Norwegian names as defined in ""lov om personnavn"" regulation.

Part of the name that is acquired as a title due to academic, legal, employment or nobility status, etc. and that appears at the start of the name.","","","","","","","","","",,,,,"",,,,"HumanName.prefix",0,*,"","ele-1:All FHIR elements must have a @value or children {hasValue() or (children().count() > id.count())}
","./part[partType = PFX]","XPN.5"
"Patient.name.suffix","Patient.name.suffix","","","",0,*,"","","Y","string {[]} {[]}
","Suffix is not used in Norwegian human names","This is not a part of official Norwegian names as defined in ""lov om personnavn"" regulation.

Part of the name that is acquired as a title due to academic, legal, employment or nobility status, etc. and that appears at the end of the name.","","","","","","","","","",,,,,"",,,,"HumanName.suffix",0,*,"","ele-1:All FHIR elements must have a @value or children {hasValue() or (children().count() > id.count())}
","./part[partType = SFX]","XPN/4"
"Patient.name.period","Patient.name.period","","","",0,1,"","","Y","Period {[]} {[]}
","Time period when name was/is in use","Indicates the period of time when this name was valid for the named person.","","Allows names to be placed in historical context.","","","","","","","",,,,,"",,,,"HumanName.period",0,1,"","ele-1:All FHIR elements must have a @value or children {hasValue() or (children().count() > id.count())}
","./usablePeriod[type=""IVL<TS>""]","XPN.13 + XPN.14"
"Patient.telecom","Patient.telecom","","","",0,*,"","","Y","ContactPoint {[]} {[]}
","A contact detail for the individual","A contact detail (e.g. a telephone number or an email address) by which the individual may be contacted.","A Patient may have multiple ways to be contacted with different uses or applicable periods.  May need to have options for contacting the person urgently and also to help with identification. The address might not go directly to the individual, but may reach another party that is able to proxy for the patient (i.e. home phone, or pet owner's phone).","People have (primary) ways to contact them in some way such as phone, email.","","","","","","","",,,,,"",,,,"Patient.telecom",0,*,"","ele-1:All FHIR elements must have a @value or children {hasValue() or (children().count() > id.count())}
","telecom",".telecom","PID-13, PID-14, PID-40"
"Patient.gender","Patient.gender","","","",0,1,"","","Y","code {[]} {[]}
","male | female | other | unknown","Administrative Gender - the gender that the patient is considered to have for administration and record keeping purposes.","The gender might not match the biological sex as determined by genetics or the individual's preferred identification. Note that for both humans and particularly animals, there are other legitimate possibilities than male and female, though the vast majority of systems and contexts only support male and female.  Systems providing decision support or enforcing business rules should ideally do this on the basis of Observations dealing with the specific sex or gender aspect of interest (anatomical, chromosomal, social, etc.)  However, because these observations are infrequently recorded, defaulting to the administrative gender is common practice.  Where such defaulting occurs, rule enforcement should allow for the variation between administrative and biological, chromosomal and other gender aspects.  For example, an alert about a hysterectomy on a male should be handled as a warning or overridable error, not a ""hard"" error.  See the Patient Gender and Sex section for additional information about communicating patient gender and sex.","Needed for identification of the individual, in combination with (at least) name and birth date.","","","","","","","",,"required","The gender of a person used for administrative purposes.","http://hl7.org/fhir/ValueSet/administrative-gender|4.0.1","",,,,"Patient.gender",0,1,"","ele-1:All FHIR elements must have a @value or children {hasValue() or (children().count() > id.count())}
","player[classCode=PSN|ANM and determinerCode=INSTANCE]/administrativeGender",".patient.administrativeGenderCode","PID-8"
"Patient.birthDate","Patient.birthDate","","","",0,1,"","","Y","date {[]} {[]}
","The date of birth for the individual","The date of birth for the individual.","At least an estimated year should be provided as a guess if the real DOB is unknown  There is a standard extension ""patient-birthTime"" available that should be used where Time is required (such as in maternity/infant care systems).","Age of the individual drives many clinical processes.","","","","","","","",,,,,"",,,,"Patient.birthDate",0,1,"","ele-1:All FHIR elements must have a @value or children {hasValue() or (children().count() > id.count())}
","player[classCode=PSN|ANM and determinerCode=INSTANCE]/birthTime",".patient.birthTime","PID-7","21112-8"
"Patient.deceased[x]","Patient.deceased[x]","","","",0,1,"","Y","Y","boolean {[]} {[]}
dateTime {[]} {[]}","Indicates if the individual is deceased or not","Indicates if the individual is deceased or not.","If there's no value in the instance, it means there is no statement on whether or not the individual is deceased. Most systems will interpret the absence of a value as a sign of the person being alive.","The fact that a patient is deceased influences the clinical process. Also, in human communication and relation management it is necessary to know whether the person is alive.","","","","","","","",,,,,"",,,,"Patient.deceased[x]",0,1,"","ele-1:All FHIR elements must have a @value or children {hasValue() or (children().count() > id.count())}
","player[classCode=PSN|ANM and determinerCode=INSTANCE]/deceasedInd, player[classCode=PSN|ANM and determinerCode=INSTANCE]/deceasedTime","n/a","PID-30  (bool) and PID-29 (datetime)"
"Patient.address","Patient.address","","","",0,*,"","","Y","Address {[CanonicalType[http://hl7.no/fhir/StructureDefinition/no-basis-Address]]} {[]}
","Norwegian address","http://hl7.no/fhir/StructureDefinition/no-basis-Address","Patient may have multiple addresses with different uses or applicable periods.","May need to keep track of patient addresses for contacting, billing or reporting requirements and also to help with identification.","","","","","","","",,,,,"",,,,"Patient.address",0,*,"","ele-1:All FHIR elements must have a @value or children {hasValue() or (children().count() > id.count())}
","addr",".addr","PID-11"
"Patient.maritalStatus","Patient.maritalStatus","","","",0,1,"","","","CodeableConcept {[]} {[]}
","Marital (civil) status of a patient","This field contains a patient's most recent marital (civil) status.","","Most, if not all systems capture it.","","","","","","","",,"extensible","The domestic partnership status of a person.","http://hl7.org/fhir/ValueSet/marital-status","",,,,"Patient.maritalStatus",0,1,"","ele-1:All FHIR elements must have a @value or children {hasValue() or (children().count() > id.count())}
","player[classCode=PSN]/maritalStatusCode",".patient.maritalStatusCode","PID-16"
"Patient.multipleBirth[x]","Patient.multipleBirth[x]","","","",0,1,"","","","boolean {[]} {[]}
integer {[]} {[]}","Whether patient is part of a multiple birth","Indicates whether the patient is part of a multiple (boolean) or indicates the actual birth order (integer).","Where the valueInteger is provided, the number is the birth number in the sequence. E.g. The middle birth in triplets would be valueInteger=2 and the third born would have valueInteger=3 If a boolean value was provided for this triplets example, then all 3 patient records would have valueBoolean=true (the ordering is not indicated).","For disambiguation of multiple-birth children, especially relevant where the care provider doesn't meet the patient, such as labs.","","","","","","","",,,,,"",,,,"Patient.multipleBirth[x]",0,1,"","ele-1:All FHIR elements must have a @value or children {hasValue() or (children().count() > id.count())}
","player[classCode=PSN|ANM and determinerCode=INSTANCE]/multipleBirthInd,  player[classCode=PSN|ANM and determinerCode=INSTANCE]/multipleBirthOrderNumber","n/a","PID-24 (bool), PID-25 (integer)"
"Patient.photo","Patient.photo","","","",0,*,"","","","Attachment {[]} {[]}
","Image of the patient","Image of the patient.","Guidelines:
* Use id photos, not clinical photos.
* Limit dimensions to thumbnail.
* Keep byte count low to ease resource updates.","Many EHR systems have the capability to capture an image of the patient. Fits with newer social media usage too.","","","","","","","",,,,,"",,,,"Patient.photo",0,*,"","ele-1:All FHIR elements must have a @value or children {hasValue() or (children().count() > id.count())}
","player[classCode=PSN|ANM and determinerCode=INSTANCE]/desc","n/a","OBX-5 - needs a profile"
"Patient.contact","Patient.contact","","","",0,*,"","","","BackboneElement {[]} {[]}
","A contact party (e.g. guardian, partner, friend) for the patient","A contact party (e.g. guardian, partner, friend) for the patient.","Contact covers all kinds of contact parties: family members, business contacts, guardians, caregivers. Not applicable to register pedigree and family ties beyond use of having contact.","Need to track people you can contact about the patient.","","","","","","","",,,,,"",,,,"Patient.contact",0,*,"","ele-1:All FHIR elements must have a @value or children {hasValue() or (children().count() > id.count())}
pat-1:SHALL at least contain a contact's details or a reference to an organization {name.exists() or telecom.exists() or address.exists() or organization.exists()}","player[classCode=PSN|ANM and determinerCode=INSTANCE]/scopedRole[classCode=CON]","n/a"
"Patient.contact.id","Patient.contact.id","","","",0,1,"","","","string {[]} {[]}
","Unique id for inter-element referencing","Unique id for the element within a resource (for internal references). This may be any string value that does not contain spaces.","","","","","","","","","",,,,,"",,,,"Element.id",0,1,"","","n/a"
"Patient.contact.extension","Patient.contact.extension","","extensions
user content","",0,*,"","","","Extension {[]} {[]}
","Additional content defined by implementations","May be used to represent additional information that is not part of the basic definition of the element. To make the use of extensions safe and manageable, there is a strict set of governance  applied to the definition and use of extensions. Though any implementer can define an extension, there is a set of requirements that SHALL be met as part of the definition of the extension.","There can be no stigma associated with the use of extensions by any application, project, or standard - regardless of the institution or jurisdiction that uses or defines the extensions.  The use of extensions is what allows the FHIR specification to retain a core level of simplicity for everyone.","","","","","","","","",,,,,"",,,,"Element.extension",0,*,"","ele-1:All FHIR elements must have a @value or children {hasValue() or (children().count() > id.count())}
ext-1:Must have either extensions or value[x], not both {extension.exists() != value.exists()}","n/a"
"Patient.contact.modifierExtension","Patient.contact.modifierExtension","","extensions
user contentmodifiers","",0,*,"","Y","Y","Extension {[]} {[]}
","Extensions that cannot be ignored even if unrecognized","May be used to represent additional information that is not part of the basic definition of the element and that modifies the understanding of the element in which it is contained and/or the understanding of the containing element's descendants. Usually modifier elements provide negation or qualification. To make the use of extensions safe and manageable, there is a strict set of governance applied to the definition and use of extensions. Though any implementer can define an extension, there is a set of requirements that SHALL be met as part of the definition of the extension. Applications processing a resource are required to check for modifier extensions.

Modifier extensions SHALL NOT change the meaning of any elements on Resource or DomainResource (including cannot change the meaning of modifierExtension itself).","There can be no stigma associated with the use of extensions by any application, project, or standard - regardless of the institution or jurisdiction that uses or defines the extensions.  The use of extensions is what allows the FHIR specification to retain a core level of simplicity for everyone.","Modifier extensions allow for extensions that *cannot* be safely ignored to be clearly distinguished from the vast majority of extensions which can be safely ignored.  This promotes interoperability by eliminating the need for implementers to prohibit the presence of extensions. For further information, see the [definition of modifier extensions](http://hl7.org/fhir/R4/extensibility.html#modifierExtension).","","","","","","","",,,,,"",,,,"BackboneElement.modifierExtension",0,*,"","ele-1:All FHIR elements must have a @value or children {hasValue() or (children().count() > id.count())}
ext-1:Must have either extensions or value[x], not both {extension.exists() != value.exists()}","N/A"
"Patient.contact.relationship","Patient.contact.relationship","","","",0,*,"","","","CodeableConcept {[]} {[]}
","The kind of relationship","The nature of the relationship between the patient and the contact person.","","Used to determine which contact person is the most relevant to approach, depending on circumstances.","","","","","","","",,"extensible","The nature of the relationship between a patient and a contact person for that patient.","http://hl7.org/fhir/ValueSet/patient-contactrelationship","",,,,"Patient.contact.relationship",0,*,"","ele-1:All FHIR elements must have a @value or children {hasValue() or (children().count() > id.count())}
","code","n/a","NK1-7, NK1-3"
"Patient.contact.name","Patient.contact.name","","","",0,1,"","","","HumanName {[CanonicalType[http://hl7.no/fhir/StructureDefinition/no-basis-HumanName]]} {[]}
","A name associated with the contact person","A name associated with the contact person.","","Contact persons need to be identified by name, but it is uncommon to need details about multiple other names for that contact person.","","","","","","","",,,,,"",,,,"Patient.contact.name",0,1,"","ele-1:All FHIR elements must have a @value or children {hasValue() or (children().count() > id.count())}
","name","n/a","NK1-2"
"Patient.contact.telecom","Patient.contact.telecom","","","",0,*,"","","","ContactPoint {[]} {[]}
","A contact detail for the person","A contact detail for the person, e.g. a telephone number or an email address.","Contact may have multiple ways to be contacted with different uses or applicable periods.  May need to have options for contacting the person urgently, and also to help with identification.","People have (primary) ways to contact them in some way such as phone, email.","","","","","","","",,,,,"",,,,"Patient.contact.telecom",0,*,"","ele-1:All FHIR elements must have a @value or children {hasValue() or (children().count() > id.count())}
","telecom","n/a","NK1-5, NK1-6, NK1-40"
"Patient.contact.address","Patient.contact.address","","","",0,1,"","","","Address {[CanonicalType[http://hl7.no/fhir/StructureDefinition/no-basis-Address]]} {[]}
","Address for the contact person","Address for the contact person.","","Need to keep track where the contact person can be contacted per postal mail or visited.","","","","","","","",,,,,"",,,,"Patient.contact.address",0,1,"","ele-1:All FHIR elements must have a @value or children {hasValue() or (children().count() > id.count())}
","addr","n/a","NK1-4"
"Patient.contact.gender","Patient.contact.gender","","","",0,1,"","","","code {[]} {[]}
","male | female | other | unknown","Administrative Gender - the gender that the contact person is considered to have for administration and record keeping purposes.","","Needed to address the person correctly.","","","","","","","",,"required","The gender of a person used for administrative purposes.","http://hl7.org/fhir/ValueSet/administrative-gender|4.0.1","",,,,"Patient.contact.gender",0,1,"","ele-1:All FHIR elements must have a @value or children {hasValue() or (children().count() > id.count())}
","player[classCode=PSN|ANM and determinerCode=INSTANCE]/administrativeGender","n/a","NK1-15"
"Patient.contact.organization","Patient.contact.organization","","","",0,1,"","","","Reference {[]} {[CanonicalType[http://hl7.org/fhir/StructureDefinition/Organization]]}
","Organization that is associated with the contact","Organization on behalf of which the contact is acting or for which the contact is working.","","For guardians or business related contacts, the organization is relevant.","","","","","","","",,,,,"",,,,"Patient.contact.organization",0,1,"pat-1
","ele-1:All FHIR elements must have a @value or children {hasValue() or (children().count() > id.count())}
","scoper","n/a","NK1-13, NK1-30, NK1-31, NK1-32, NK1-41"
"Patient.contact.period","Patient.contact.period","","","",0,1,"","","","Period {[]} {[]}
","The period during which this contact person or organization is valid to be contacted relating to this patient","The period during which this contact person or organization is valid to be contacted relating to this patient.","","","","","","","","","",,,,,"",,,,"Patient.contact.period",0,1,"","ele-1:All FHIR elements must have a @value or children {hasValue() or (children().count() > id.count())}
","effectiveTime","n/a"
"Patient.communication","Patient.communication","","","",0,*,"","","","BackboneElement {[]} {[]}
","A language which may be used to communicate with the patient about his or her health","A language which may be used to communicate with the patient about his or her health.","If no language is specified, this *implies* that the default local language is spoken.  If you need to convey proficiency for multiple modes, then you need multiple Patient.Communication associations.   For animals, language is not a relevant field, and should be absent from the instance. If the Patient does not speak the default local language, then the Interpreter Required Standard can be used to explicitly declare that an interpreter is required.","If a patient does not speak the local language, interpreters may be required, so languages spoken and proficiency are important things to keep track of both for patient and other persons of interest.","","","","","","","",,,,,"",,,,"Patient.communication",0,*,"","ele-1:All FHIR elements must have a @value or children {hasValue() or (children().count() > id.count())}
","LanguageCommunication","patient.languageCommunication"
"Patient.communication.id","Patient.communication.id","","","",0,1,"","","","string {[]} {[]}
","Unique id for inter-element referencing","Unique id for the element within a resource (for internal references). This may be any string value that does not contain spaces.","","","","","","","","","",,,,,"",,,,"Element.id",0,1,"","","n/a"
"Patient.communication.extension","Patient.communication.extension","","extensions
user content","",0,*,"","","","Extension {[]} {[]}
","Additional content defined by implementations","May be used to represent additional information that is not part of the basic definition of the element. To make the use of extensions safe and manageable, there is a strict set of governance  applied to the definition and use of extensions. Though any implementer can define an extension, there is a set of requirements that SHALL be met as part of the definition of the extension.","There can be no stigma associated with the use of extensions by any application, project, or standard - regardless of the institution or jurisdiction that uses or defines the extensions.  The use of extensions is what allows the FHIR specification to retain a core level of simplicity for everyone.","","","","","","","","",,,,,"",,,,"Element.extension",0,*,"","ele-1:All FHIR elements must have a @value or children {hasValue() or (children().count() > id.count())}
ext-1:Must have either extensions or value[x], not both {extension.exists() != value.exists()}","n/a"
"Patient.communication.modifierExtension","Patient.communication.modifierExtension","","extensions
user contentmodifiers","",0,*,"","Y","Y","Extension {[]} {[]}
","Extensions that cannot be ignored even if unrecognized","May be used to represent additional information that is not part of the basic definition of the element and that modifies the understanding of the element in which it is contained and/or the understanding of the containing element's descendants. Usually modifier elements provide negation or qualification. To make the use of extensions safe and manageable, there is a strict set of governance applied to the definition and use of extensions. Though any implementer can define an extension, there is a set of requirements that SHALL be met as part of the definition of the extension. Applications processing a resource are required to check for modifier extensions.

Modifier extensions SHALL NOT change the meaning of any elements on Resource or DomainResource (including cannot change the meaning of modifierExtension itself).","There can be no stigma associated with the use of extensions by any application, project, or standard - regardless of the institution or jurisdiction that uses or defines the extensions.  The use of extensions is what allows the FHIR specification to retain a core level of simplicity for everyone.","Modifier extensions allow for extensions that *cannot* be safely ignored to be clearly distinguished from the vast majority of extensions which can be safely ignored.  This promotes interoperability by eliminating the need for implementers to prohibit the presence of extensions. For further information, see the [definition of modifier extensions](http://hl7.org/fhir/R4/extensibility.html#modifierExtension).","","","","","","","",,,,,"",,,,"BackboneElement.modifierExtension",0,*,"","ele-1:All FHIR elements must have a @value or children {hasValue() or (children().count() > id.count())}
ext-1:Must have either extensions or value[x], not both {extension.exists() != value.exists()}","N/A"
"Patient.communication.language","Patient.communication.language","","","",1,1,"","","","CodeableConcept {[]} {[]}
","The language which can be used to communicate with the patient about his or her health","The ISO-639-1 alpha 2 code in lower case for the language, optionally followed by a hyphen and the ISO-3166-1 alpha 2 code for the region in upper case; e.g. ""en"" for English, or ""en-US"" for American English versus ""en-EN"" for England English.","The structure aa-BB with this exact casing is one the most widely used notations for locale. However not all systems actually code this but instead have it as free text. Hence CodeableConcept instead of code as the data type.","Most systems in multilingual countries will want to convey language. Not all systems actually need the regional dialect.","","","","","","","",,"preferred","A human language.","http://hl7.org/fhir/ValueSet/languages","",,,,"Patient.communication.language",1,1,"","ele-1:All FHIR elements must have a @value or children {hasValue() or (children().count() > id.count())}
","player[classCode=PSN|ANM and determinerCode=INSTANCE]/languageCommunication/code",".languageCode","PID-15, LAN-2"
"Patient.communication.preferred","Patient.communication.preferred","","","",0,1,"","","","boolean {[]} {[]}
","Language preference indicator","Indicates whether or not the patient prefers this language (over other languages he masters up a certain level).","This language is specifically identified for communicating healthcare information.","People that master multiple languages up to certain level may prefer one or more, i.e. feel more confident in communicating in a particular language making other languages sort of a fall back method.","","","","","","","",,,,,"",,,,"Patient.communication.preferred",0,1,"","ele-1:All FHIR elements must have a @value or children {hasValue() or (children().count() > id.count())}
","preferenceInd",".preferenceInd","PID-15"
"Patient.generalPractitioner","Patient.generalPractitioner","","careProvider
","",0,*,"","","","Reference {[]} {[CanonicalType[http://hl7.org/fhir/StructureDefinition/Organization], CanonicalType[http://hl7.org/fhir/StructureDefinition/Practitioner], CanonicalType[http://hl7.org/fhir/StructureDefinition/PractitionerRole], CanonicalType[http://hl7.no/fhir/StructureDefinition/no-basis-Practitioner], CanonicalType[http://hl7.no/fhir/StructureDefinition/no-basis-PractitionerRole], CanonicalType[http://hl7.no/fhir/StructureDefinition/no-basis-Organization]]}
","Patient's nominated primary care provider","Patient's nominated care provider.","This may be the primary care provider (in a GP context), or it may be a patient nominated care manager in a community/disability setting, or even organization that will provide people to perform the care provider roles.  It is not to be used to record Care Teams, these should be in a CareTeam resource that may be linked to the CarePlan or EpisodeOfCare resources.
Multiple GPs may be recorded against the patient for various reasons, such as a student that has his home GP listed along with the GP at university during the school semesters, or a ""fly-in/fly-out"" worker that has the onsite GP also included with his home GP to remain aware of medical issues.

Jurisdictions may decide that they can profile this down to 1 if desired, or 1 per type.","","","","","","","","",,,,,"",,,,"Patient.generalPractitioner",0,*,"","ele-1:All FHIR elements must have a @value or children {hasValue() or (children().count() > id.count())}
","subjectOf.CareEvent.performer.AssignedEntity","n/a","PD1-4"
"Patient.managingOrganization","Patient.managingOrganization","","","",0,1,"","","Y","Reference {[]} {[CanonicalType[http://hl7.org/fhir/StructureDefinition/Organization], CanonicalType[http://hl7.no/fhir/StructureDefinition/no-basis-Organization]]}
","Organization that is the custodian of the patient record","Organization that is the custodian of the patient record.","There is only one managing organization for a specific patient record. Other organizations will have their own Patient record, and may use the Link property to join the records together (or a Person resource which can include confidence ratings for the association).","Need to know who recognizes this patient record, manages and updates it.","","","","","","","",,,,,"",,,,"Patient.managingOrganization",0,1,"","ele-1:All FHIR elements must have a @value or children {hasValue() or (children().count() > id.count())}
","scoper",".providerOrganization"
"Patient.link","Patient.link","","","",0,*,"","Y","Y","BackboneElement {[]} {[]}
","Link to another patient resource that concerns the same actual person","Link to another patient resource that concerns the same actual patient.","There is no assumption that linked patient records have mutual links.","There are multiple use cases:   

* Duplicate patient records due to the clerical errors associated with the difficulties of identifying humans consistently, and 
* Distribution of patient information across multiple servers.","","","","","","","",,,,,"",,,,"Patient.link",0,*,"","ele-1:All FHIR elements must have a @value or children {hasValue() or (children().count() > id.count())}
","outboundLink","n/a"
"Patient.link.id","Patient.link.id","","","",0,1,"","","","string {[]} {[]}
","Unique id for inter-element referencing","Unique id for the element within a resource (for internal references). This may be any string value that does not contain spaces.","","","","","","","","","",,,,,"",,,,"Element.id",0,1,"","","n/a"
"Patient.link.extension","Patient.link.extension","","extensions
user content","",0,*,"","","","Extension {[]} {[]}
","Additional content defined by implementations","May be used to represent additional information that is not part of the basic definition of the element. To make the use of extensions safe and manageable, there is a strict set of governance  applied to the definition and use of extensions. Though any implementer can define an extension, there is a set of requirements that SHALL be met as part of the definition of the extension.","There can be no stigma associated with the use of extensions by any application, project, or standard - regardless of the institution or jurisdiction that uses or defines the extensions.  The use of extensions is what allows the FHIR specification to retain a core level of simplicity for everyone.","","","","","","","","",,,,,"",,,,"Element.extension",0,*,"","ele-1:All FHIR elements must have a @value or children {hasValue() or (children().count() > id.count())}
ext-1:Must have either extensions or value[x], not both {extension.exists() != value.exists()}","n/a"
"Patient.link.modifierExtension","Patient.link.modifierExtension","","extensions
user contentmodifiers","",0,*,"","Y","Y","Extension {[]} {[]}
","Extensions that cannot be ignored even if unrecognized","May be used to represent additional information that is not part of the basic definition of the element and that modifies the understanding of the element in which it is contained and/or the understanding of the containing element's descendants. Usually modifier elements provide negation or qualification. To make the use of extensions safe and manageable, there is a strict set of governance applied to the definition and use of extensions. Though any implementer can define an extension, there is a set of requirements that SHALL be met as part of the definition of the extension. Applications processing a resource are required to check for modifier extensions.

Modifier extensions SHALL NOT change the meaning of any elements on Resource or DomainResource (including cannot change the meaning of modifierExtension itself).","There can be no stigma associated with the use of extensions by any application, project, or standard - regardless of the institution or jurisdiction that uses or defines the extensions.  The use of extensions is what allows the FHIR specification to retain a core level of simplicity for everyone.","Modifier extensions allow for extensions that *cannot* be safely ignored to be clearly distinguished from the vast majority of extensions which can be safely ignored.  This promotes interoperability by eliminating the need for implementers to prohibit the presence of extensions. For further information, see the [definition of modifier extensions](http://hl7.org/fhir/R4/extensibility.html#modifierExtension).","","","","","","","",,,,,"",,,,"BackboneElement.modifierExtension",0,*,"","ele-1:All FHIR elements must have a @value or children {hasValue() or (children().count() > id.count())}
ext-1:Must have either extensions or value[x], not both {extension.exists() != value.exists()}","N/A"
"Patient.link.other","Patient.link.other","","","",1,1,"","","Y","Reference {[]} {[CanonicalType[http://hl7.org/fhir/StructureDefinition/Patient], CanonicalType[http://hl7.org/fhir/StructureDefinition/RelatedPerson]]}
","The other patient or related person resource that the link refers to","The other patient resource that the link refers to.","Referencing a RelatedPerson here removes the need to use a Person record to associate a Patient and RelatedPerson as the same individual.","","","","","","","","",,,,,"",,,,"Patient.link.other",1,1,"","ele-1:All FHIR elements must have a @value or children {hasValue() or (children().count() > id.count())}
","id","n/a","PID-3, MRG-1"
"Patient.link.type","Patient.link.type","","","",1,1,"","","Y","code {[]} {[]}
","replaced-by | replaces | refer | seealso","The type of link between this patient resource and another patient resource.","","","","","","","","","",,"required","The type of link between this patient resource and another patient resource.","http://hl7.org/fhir/ValueSet/link-type|4.0.1","",,,,"Patient.link.type",1,1,"","ele-1:All FHIR elements must have a @value or children {hasValue() or (children().count() > id.count())}
","typeCode","n/a"
